frame,class,yaw_deg,object_points,hit_ratio
000008,Car,0.0,5127,0.9963
000008,Car,0.5,5104,0.9957
000008,Car,1.0,5071,0.9862
000008,Car,2.0,5008,0.9481
000008,Car,3.0,4943,0.9098
000011,Car,0.0,418,0.9928
000011,Pedestrian,0.0,307,0.9967
000011,Car,0.5,383,0.9687
000011,Pedestrian,0.5,307,0.8567
000011,Car,1.0,349,0.9112
000011,Pedestrian,1.0,307,0.6189
000011,Car,2.0,285,0.7158
000011,Pedestrian,2.0,307,0.2117
000011,Car,3.0,230,0.4261
000011,Pedestrian,3.0,307,0.0521
000049,Car,0.0,3456,1.0
000049,Pedestrian,0.0,761,0.9553
000049,Car,0.5,3455,0.9896
000049,Pedestrian,0.5,764,0.9097
000049,Car,1.0,3448,0.9556
000049,Pedestrian,1.0,765,0.851
000049,Car,2.0,3411,0.8789
000049,Pedestrian,2.0,765,0.7333
000049,Car,3.0,3365,0.7902
000049,Pedestrian,3.0,765,0.5699
